{
  "HeWeather6": [
    {
      "basic": {
        "cid": "CN101010100",
        "location": "北京",
        "parent_city": "北京",
        "admin_area": "北京",
        "cnty": "中国",
        "lat": "39.90498734",
        "lon": "116.4052887",
        "tz": "+8.00"
      },
      "update": {
        "loc": "2019-11-18 16:12",
        "utc": "2019-11-18 08:12"
      },
      "status": "ok",
      "now": {
        "cloud": "0",
        "cond_code": "100",
        "cond_txt": "晴",
        "fl": "-1",
        "hum": "13",
        "pcpn": "0.0",
        "pres": "1022",
        "tmp": "3",
        "vis": "16",
        "wind_deg": "278",
        "wind_dir": "西风",
        "wind_sc": "2",
        "wind_spd": "10"
      }
    }
  ]
}