{
  "resultcode": "200" ,
  "reason": "successed!" ,
  "result": {
    "sk": {
      "temp": "13" ,
      "wind_direction": "南风" ,
      "wind_strength": "4级" ,
      "humidity": "35%" ,
      "time": "12:57"
    } ,
    "today": {
      "temperature": "4℃~16℃" ,
      "weather": "晴" ,
      "weather_id": {
        "fa": "00" ,
        "fb": "00"
      } ,
      "wind": "西南风微风" ,
      "week": "星期六" ,
      "city": "北京" ,
      "date_y": "2019年10月26日" ,
      "dressing_index": "较冷" ,
      "dressing_advice": "建议着厚外套加毛衣等服装。年老体弱者宜着大衣、呢外套加羊毛衫。" ,
      "uv_index": "中等" ,
      "comfort_index": "" ,
      "wash_index": "较适宜" ,
      "travel_index": "较不宜" ,
      "exercise_index": "较不宜" ,
      "drying_index": ""
    } ,
    "future": {
      "day_20191026": {
        "temperature": "4℃~16℃" ,
        "weather": "晴" ,
        "weather_id": {
          "fa": "00" ,
          "fb": "00"
        } ,
        "wind": "西南风微风" ,
        "week": "星期六" ,
        "date": "20191026"
      } ,
      "day_20191027": {
        "temperature": "6℃~18℃" ,
        "weather": "晴转多云" ,
        "weather_id": {
          "fa": "00" ,
          "fb": "01"
        } ,
        "wind": "北风微风" ,
        "week": "星期日" ,
        "date": "20191027"
      } ,
      "day_20191028": {
        "temperature": "2℃~14℃" ,
        "weather": "晴" ,
        "weather_id": {
          "fa": "00" ,
          "fb": "00"
        } ,
        "wind": "西北风4-5级" ,
        "week": "星期一" ,
        "date": "20191028"
      } ,
      "day_20191029": {
        "temperature": "4℃~17℃" ,
        "weather": "晴" ,
        "weather_id": {
          "fa": "00" ,
          "fb": "00"
        } ,
        "wind": "西南风微风" ,
        "week": "星期二" ,
        "date": "20191029"
      } ,
      "day_20191030": {
        "temperature": "5℃~19℃" ,
        "weather": "晴" ,
        "weather_id": {
          "fa": "00" ,
          "fb": "00"
        } ,
        "wind": "西南风微风" ,
        "week": "星期三" ,
        "date": "20191030"
      } ,
      "day_20191031": {
        "temperature": "2℃~14℃" ,
        "weather": "晴" ,
        "weather_id": {
          "fa": "00" ,
          "fb": "00"
        } ,
        "wind": "西北风4-5级" ,
        "week": "星期四" ,
        "date": "20191031"
      } ,
      "day_20191101": {
        "temperature": "6℃~18℃" ,
        "weather": "晴转多云" ,
        "weather_id": {
          "fa": "00" ,
          "fb": "01"
        } ,
        "wind": "北风微风" ,
        "week": "星期五" ,
        "date": "20191101"
      }
    }
  } ,
  "error_code": 0
}