{
  "success": "1",
  "result": {
    "weaid": "12",
    "days": "2019-11-18",
    "week": "星期一",
    "cityno": "miyun",
    "citynm": "密云",
    "cityid": "101011300",
    "temperature": "4℃/-8℃",
    "temperature_curr": "-2℃",
    "humidity": "14%",
    "aqi": "-1",
    "weather": "晴",
    "weather_curr": "晴",
    "weather_icon": "http://api.k780.com/upload/weather/d/0.gif",
    "weather_icon1": "",
    "wind": "西风",
    "winp": "2级",
    "temp_high": "4",
    "temp_low": "-8",
    "temp_curr": "-2",
    "humi_high": "0",
    "humi_low": "0",
    "weatid": "1",
    "weatid1": "",
    "windid": "6",
    "winpid": "2",
    "weather_iconid": "0"
  }
}