{
  "success": "1" ,
  "result": {
    "weaid": "2744" ,
    "days": "2019-11-18" ,
    "week": "星期一" ,
    "cityno": "" ,
    "citynm": "南开" ,
    "cityid": "101031500" ,
    "temperature": "4℃/-2℃" ,
    "temperature_curr": "-1℃" ,
    "humidity": "18%" ,
    "aqi": "-1" ,
    "weather": "晴" ,
    "weather_curr": "晴" ,
    "weather_icon": "http://api.k780.com/upload/weather/d/0.gif" ,
    "weather_icon1": "" ,
    "wind": "北风" ,
    "winp": "4级" ,
    "temp_high": "4" ,
    "temp_low": "-2" ,
    "temp_curr": "-1" ,
    "humi_high": "0" ,
    "humi_low": "0" ,
    "weatid": "1" ,
    "weatid1": "" ,
    "windid": "8" ,
    "winpid": "4" ,
    "weather_iconid": "0"
  }
}