{
  "success": "1",
  "result": {
    "weaid": "35",
    "days": "2019-11-18",
    "week": "星期一",
    "cityno": "ninghe",
    "citynm": "宁河",
    "cityid": "101030700",
    "temperature": "3℃/-5℃",
    "temperature_curr": "0℃",
    "humidity": "16%",
    "aqi": "-1",
    "weather": "晴",
    "weather_curr": "晴",
    "weather_icon": "http://api.k780.com/upload/weather/d/0.gif",
    "weather_icon1": "",
    "wind": "西北风",
    "winp": "5级",
    "temp_high": "3",
    "temp_low": "-5",
    "temp_curr": "0",
    "humi_high": "0",
    "humi_low": "0",
    "weatid": "1",
    "weatid1": "",
    "windid": "7",
    "winpid": "5",
    "weather_iconid": "0"
  }
}