{"success": "1", "result": {"weaid": "2743", "days": "2019-11-16", "week": "星期六", "cityno": "", "citynm": "河西", "cityid": "101031300", "temperature": "11℃/5℃", "temperature_curr": "10℃", "humidity": "68%", "aqi": "-1", "weather": "多云转小雨", "weather_curr": "多云", "weather_icon": "http://api.k780.com/upload/weather/d/1.gif", "weather_icon1": "", "wind": "东南风", "winp": "3级", "temp_high": "11", "temp_low": "5", "temp_curr": "10", "humi_high": "0", "humi_low": "0", "weatid": "2", "weatid1": "", "windid": "3", "winpid": "3", "weather_iconid": "1"}}